{
  "DOGE": {"p33": -0.06515696164971792, "p67": 0.09351846120454174},
  "SOL":  {"p33": -0.04989156146977460, "p67": 0.09670798672225740},
  "ETH":  {"p33": -0.05426643334555723, "p67": 0.08601414268081192},
  "AVAX": {"p33": -0.08738787628723999, "p67": 0.07334447241194825},
  "ADA":  {"p33": -0.08311683050985685, "p67": 0.06569860859152567}
}
